-- =======================================================
-- 1. TABELAS DE DOMÍNIO / TIPAGEM (5 registros cada)
-- =======================================================

INSERT INTO pais (nome) VALUES 
('Brasil'), ('Uruguai'), ('Peru'), ('Argentina'), ('Japao');

INSERT INTO papel_participante (descr) VALUES 
('Titular'), ('Avalista'), ('Cônjuge'), ('Testemunha'), ('Procurador');

INSERT INTO status_emprestimo (descr) VALUES 
('Em Análise'), ('Aprovado'), ('Reprovado'), ('Cancelado'), ('Liquidado');

INSERT INTO status_parcela (descr) VALUES 
('Pendente'), ('Paga'), ('Atrasada'), ('Renegociada'), ('Cancelada');

INSERT INTO tipo_emprestimo (descr) VALUES
('consignado'), ('pessoal'), ('cheque especial'), ('crédito rotativo'), ('antecipação de recebiveis'), ('financiamento')

-- =======================================================
-- 2. TABELA ESTADO (Todos os 27 estados do Brasil - id_pais = 1)
-- =======================================================

INSERT INTO estado (uf, id_pais) VALUES 
('AC', 1), ('AL', 1), ('AP', 1), ('AM', 1), ('BA', 1), ('CE', 1), ('DF', 1), 
('ES', 1), ('GO', 1), ('MA', 1), ('MT', 1), ('MS', 1), ('MG', 1), ('PA', 1), 
('PB', 1), ('PR', 1), ('PE', 1), ('PI', 1), ('RJ', 1), ('RN', 1), ('RS', 1), 
('RO', 1), ('RR', 1), ('SC', 1), ('SP', 1), ('SE', 1), ('TO', 1), ('TK', 5);

-- =======================================================
-- 3. TABELA CIDADE E CEP (5 por estado brasileiro)
-- =======================================================

-- Cidades (Mapeadas para os IDs dos estados 1 a 27)
INSERT INTO cidade (nome, id_estado) VALUES 
('Rio Branco', 1), ('Cruzeiro do Sul', 1), ('Sena Madureira', 1), ('Tarauacá', 1), ('Feijó', 1),
('Maceió', 2), ('Arapiraca', 2), ('Rio Largo', 2), ('Palmeira dos Índios', 2), ('Penedo', 2),
('Macapá', 3), ('Santana', 3), ('Laranjal do Jari', 3), ('Oiapoque', 3), ('Mazagão', 3),
('Manaus', 4), ('Parintins', 4), ('Itacoatiara', 4), ('Manacapuru', 4), ('Coari', 4),
('Salvador', 5), ('Feira de Santana', 5), ('Vitória da Conquista', 5), ('Camaçari', 5), ('Juazeiro', 5),
('Fortaleza', 6), ('Caucaia', 6), ('Juazeiro do Norte', 6), ('Maracanaú', 6), ('Sobral', 6),
('Brasília', 7), ('Taguatinga', 7), ('Ceilândia', 7), ('Gama', 7), ('Sobradinho', 7),
('Vitória', 8), ('Vila Velha', 8), ('Serra', 8), ('Cariacica', 8), ('Linhares', 8),
('Goiânia', 9), ('Aparecida de Goiânia', 9), ('Anápolis', 9), ('Rio Verde', 9), ('Luziânia', 9),
('São Luís', 10), ('Imperatriz', 10), ('São José de Ribamar', 10), ('Timon', 10), ('Caxias', 10),
('Cuiabá', 11), ('Várzea Grande', 11), ('Rondonópolis', 11), ('Sinop', 11), ('Tangará da Serra', 11),
('Campo Grande', 12), ('Dourados', 12), ('Três Lagoas', 12), ('Corumbá', 12), ('Ponta Porã', 12),
('Belo Horizonte', 13), ('Uberlândia', 13), ('Contagem', 13), ('Juiz de Fora', 13), ('Betim', 13),
('Belém', 14), ('Ananindeua', 14), ('Santarém', 14), ('Marabá', 14), ('Parauapebas', 14),
('João Pessoa', 15), ('Campina Grande', 15), ('Santa Rita', 15), ('Patos', 15), ('Bayeux', 15),
('Curitiba', 16), ('Londrina', 16), ('Maringá', 16), ('Ponta Grossa', 16), ('Cascavel', 16),
('Recife', 17), ('Jaboatão dos Guararapes', 17), ('Olinda', 17), ('Caruaru', 17), ('Petrolina', 17),
('Teresina', 18), ('Parnaíba', 18), ('Picos', 18), ('Piripiri', 18), ('Floriano', 18),
('Rio de Janeiro', 19), ('São Gonçalo', 19), ('Duque de Caxias', 19), ('Nova Iguaçu', 19), ('Niterói', 19),
('Natal', 20), ('Mossoró', 20), ('Parnamirim', 20), ('São Gonçalo do Amarante', 20), ('Macaíba', 20),
('Porto Alegre', 21), ('Caxias do Sul', 21), ('Canoas', 21), ('Pelotas', 21), ('Santa Maria', 21),
('Porto Velho', 22), ('Ji-Paraná', 22), ('Ariquemes', 22), ('Vilhena', 22), ('Cacoal', 22),
('Boa Vista', 23), ('Rorainópolis', 23), ('Caracaraí', 23), ('Pacaraima', 23), ('Cantá', 23),
('Florianópolis', 24), ('Joinville', 24), ('Blumenau', 24), ('São José', 24), ('Chapecó', 24),
('São Paulo', 25), ('Guarulhos', 25), ('Campinas', 25), ('São Bernardo do Campo', 25), ('Santo André', 25),
('Aracaju', 26), ('Nossa Senhora do Socorro', 26), ('Lagarto', 26), ('Itabaiana', 26), ('São Cristóvão', 26),
('Palmas', 27), ('Araguaína', 27), ('Gurupi', 27), ('Porto Nacional', 27), ('Paraíso do Tocantins', 27), ('Tokyo', 28);

-- CEPs (1 CEP fictício válido (varchar 8) associado a cada uma das 135 cidades criadas)
INSERT INTO cep (id_cep, id_cidade) VALUES 
('69900001', 1), ('69980000', 2), ('69940000', 3), ('69970000', 4), ('69960000', 5),
('57000001', 6), ('57300001', 7), ('57100000', 8), ('57600001', 9), ('57200000', 10),
('68900001', 11), ('68925000', 12), ('68920000', 13), ('68980000', 14), ('68940000', 15),
('69000001', 16), ('69150000', 17), ('69100000', 18), ('69400000', 19), ('69460000', 20),
('40000001', 21), ('44000001', 22), ('45000001', 23), ('42800001', 24), ('48900001', 25),
('60000001', 26), ('61600001', 27), ('63010001', 28), ('61900001', 29), ('62010001', 30),
('70000001', 31), ('72000001', 32), ('72200001', 33), ('72400001', 34), ('73000001', 35),
('29000001', 36), ('29100001', 37), ('29160001', 38), ('29140001', 39), ('29900001', 40),
('74000001', 41), ('74900001', 42), ('75000001', 43), ('75900001', 44), ('72800001', 45),
('65000001', 46), ('65900001', 47), ('65110000', 48), ('65630000', 49), ('65600001', 50),
('78000001', 51), ('78110001', 52), ('78700001', 53), ('78550001', 54), ('78300001', 55),
('79000001', 56), ('79800001', 57), ('79600001', 58), ('79300001', 59), ('79000002', 60),
('30000001', 61), ('38400001', 62), ('32000001', 63), ('36000001', 64), ('32600001', 65),
('66000001', 66), ('67000001', 67), ('68000001', 68), ('68500001', 69), ('68515000', 70),
('58000001', 71), ('58400001', 72), ('58300001', 73), ('58700001', 74), ('58306000', 75),
('80000001', 76), ('86000001', 77), ('87000001', 78), ('84000001', 79), ('85800001', 80),
('50000001', 81), ('54000001', 82), ('53000001', 83), ('55000001', 84), ('56300001', 85),
('64000001', 86), ('64200001', 87), ('64600001', 88), ('64260000', 89), ('64800001', 90),
('20000001', 91), ('24400001', 92), ('25000001', 93), ('26200001', 94), ('24000001', 95),
('59000001', 96), ('59600001', 97), ('59140001', 98), ('59290000', 99), ('59280000', 100),
('90000001', 101), ('95000001', 102), ('92000001', 103), ('96000001', 104), ('97000001', 105),
('76800001', 106), ('76900001', 107), ('76870001', 108), ('76980001', 109), ('76960001', 110),
('69300001', 111), ('69373000', 112), ('69360000', 113), ('69345000', 114), ('69390000', 115),
('88000001', 116), ('89200001', 117), ('89000001', 118), ('88100001', 119), ('89800001', 120),
('01000001', 121), ('07000001', 122), ('13000001', 123), ('09700001', 124), ('09000001', 125),
('49000001', 126), ('49160000', 127), ('49400000', 128), ('49500000', 129), ('49100000', 130),
('77000001', 131), ('77800001', 132), ('77400001', 133), ('77500000', 134), ('77600000', 135), ('1500043', 136);

-- =======================================================
-- 4. TABELA CLIENTE (30 Registros, Nascidos entre 1961 e 2006)
-- =======================================================

INSERT INTO cliente (cpf, nome, dt_nasc, telefone, email) VALUES 
('111.222.333-44', 'Carlos Oliveira Silva', '1985-04-12', '(11) 98765-4321', 'carlos.oliveira@email.com'),
('222.333.444-55', 'Mariana Costa Souza', '1990-08-25', '(21) 97654-3210', 'mariana.costa@email.com'),
('333.444.555-66', 'Roberto Alves Lima', '1975-11-03', '(31) 96543-2109', 'roberto.alves@email.com'),
('444.555.666-77', 'Ana Paula Santos', '2001-02-15', '(41) 95432-1098', 'anapaula.santos@email.com'),
('555.666.777-88', 'Fernando Pereira Gomes', '1968-07-20', '(51) 94321-0987', 'fernando.gomes@email.com'),
('666.777.888-99', 'Juliana Rocha Martins', '1995-12-05', '(61) 93210-9876', 'juliana.rocha@email.com'),
('777.888.999-00', 'Lucas Fernandes Dias', '1988-09-30', '(71) 92109-8765', 'lucas.dias@email.com'),
('888.999.000-11', 'Beatriz Carvalho', '2005-03-10', '(81) 91098-7654', 'beatriz.carvalho@email.com'),
('999.000.111-22', 'Marcelo Ribeiro', '1972-01-22', '(85) 90987-6543', 'marcelo.ribeiro@email.com'),
('000.111.222-33', 'Fernanda Almeida', '1992-06-18', '(91) 99876-5432', 'fernanda.almeida@email.com'),
('123.456.789-01', 'Thiago Mendes', '1980-10-10', '(19) 98765-1234', 'thiago.mendes@email.com'),
('234.567.890-12', 'Camila Teixeira', '1998-05-28', '(27) 97654-2345', 'camila.teixeira@email.com'),
('345.678.901-23', 'Eduardo Batista', '1965-12-14', '(62) 96543-3456', 'eduardo.batista@email.com'),
('456.789.012-34', 'Aline Moraes', '1983-04-02', '(84) 95432-4567', 'aline.moraes@email.com'),
('567.890.123-45', 'Ricardo Nunes', '1978-08-08', '(48) 94321-5678', 'ricardo.nunes@email.com'),
('678.901.234-56', 'Vanessa Pires', '2000-11-19', '(67) 93210-6789', 'vanessa.pires@email.com'),
('789.012.345-67', 'Gabriel Barros', '1994-02-27', '(83) 92109-7890', 'gabriel.barros@email.com'),
('890.123.456-78', 'Patrícia Farias', '1970-09-09', '(65) 91098-8901', 'patricia.farias@email.com'),
('901.234.567-89', 'Leandro Ramos', '1986-06-05', '(63) 90987-9012', 'leandro.ramos@email.com'),
('012.345.678-90', 'Tatiana Vieira', '1999-01-30', '(82) 99876-0123', 'tatiana.vieira@email.com'),
('135.246.357-99', 'Rafael Cardoso', '1982-03-15', '(92) 98765-4321', 'rafael.cardoso@email.com'),
('246.357.468-00', 'Bruna Moreira', '1996-07-21', '(79) 97654-3210', 'bruna.moreira@email.com'),
('357.468.579-11', 'Marcos Castro', '1961-10-04', '(69) 96543-2109', 'marcos.castro@email.com'),
('468.579.680-22', 'Letícia Borges', '2004-05-12', '(95) 95432-1098', 'leticia.borges@email.com'),
('579.680.791-33', 'André Nogueira', '1976-12-25', '(98) 94321-0987', 'andre.nogueira@email.com'),
('680.791.802-44', 'Renata Machado', '1991-08-14', '(86) 93210-9876', 'renata.machado@email.com'),
('791.802.913-55', 'Felipe Araújo', '1989-04-08', '(68) 92109-8765', 'felipe.araujo@email.com'),
('802.913.024-66', 'Larissa Moura', '2002-11-01', '(96) 91098-7654', 'larissa.moura@email.com'),
('913.024.135-77', 'Igor Peixoto', '1974-02-18', '(98) 90987-6543', 'igor.peixoto@email.com'),
('024.135.246-88', 'Sara Viana', '1997-09-22', '(11) 99876-5432', 'sara.viana@email.com'), ('999.999.999-99', 'Ado', '2002-10-24', '(99) 99999-9999', 'ado1024imokenp@ado.staff.com') ;

-- =======================================================
-- 5. TABELA ENDEREÇO (30 registros referenciando CEPs variados)
-- =======================================================

INSERT INTO endereco (bairro, rua, numero_end, obs, id_cep) VALUES 
('Centro', 'Rua das Flores', 100, 'Apt 12', '01000001'),
('Jardins', 'Av. Paulista', 1500, 'Bloco B', '01000001'),
('Copacabana', 'Av. Atlântica', 500, 'Casa', '20000001'),
('Savassi', 'Rua da Bahia', 200, NULL, '30000001'),
('Boa Viagem', 'Av. Boa Viagem', 10, 'Condomínio Azul', '50000001'),
('Meireles', 'Rua Ana Bilhar', 35, NULL, '60000001'),
('Batel', 'Rua Bispo Dom José', 789, 'Apt 44', '80000001'),
('Moinhos de Vento', 'Rua Padre Chagas', 45, NULL, '90000001'),
('Asa Sul', 'SQS 102', 1, 'Bloco C', '70000001'),
('Ponta Negra', 'Av. Coronel Teixeira', 99, NULL, '69000001'),
('Pituba', 'Rua Ceará', 15, 'Casa 2', '40000001'),
('Umarizal', 'Travessa Dom Romualdo', 222, NULL, '66000001'),
('Cambuí', 'Rua Maria Monteiro', 300, 'Apt 1', '13000001'),
('Praia da Costa', 'Av. Antônio Gil Veloso', 44, NULL, '29100001'),
('Tambaú', 'Av. Epitácio Pessoa', 555, 'Cobertura', '58000001'),
('Ponta Verde', 'Rua Engenheiro Mario de Gusmão', 120, NULL, '57000001'),
('Centro', 'Rua Grande', 77, 'Loja 1', '65000001'),
('Jóquei', 'Av. Nossa Senhora de Fátima', 88, NULL, '64000001'),
('Morada do Sol', 'Rua das Mangueiras', 90, 'Casa de Esquina', '69900001'),
('Centro Histórico', 'Rua do Sol', 101, NULL, '68900001'),
('Jardim dos Estados', 'Av. Afonso Pena', 202, 'Edifício Central', '79000001'),
('Goiabeiras', 'Rua Estevão de Mendonça', 303, NULL, '78000001'),
('Gracçandu', 'Rua Principal', 404, 'Ao lado do mercado', '59000001'),
('Atalaia', 'Av. Beira Mar', 505, NULL, '49000001'),
('Agronômica', 'Rua Rui Barbosa', 606, 'Apt 101', '88000001'),
('Centro', 'Av. Sete de Setembro', 707, NULL, '76800001'),
('Plano Diretor Sul', 'Quadra 104 Sul', 808, 'Lote 10', '77000001'),
('São Francisco', 'Rua do Ouro', 909, NULL, '69300001'),
('Vila Mariana', 'Rua Domingos de Morais', 1111, 'Prédio comercial', '01000001'),
('Centro', 'Rua Quinze de Novembro', 1212, NULL, '80000001'), ('Gyaru', 'Rua Adomination', 1024, NULL, '1500043');

-- =======================================================
-- 6. TABELA CLIENTE_ENDEREÇO (Vinculando Cliente 1-30 ao Endereço 1-30)
-- =======================================================

INSERT INTO cliente_endereco (apelido, id_cliente, id_endereco) VALUES 
('Casa', 1, 1), ('Trabalho', 2, 2), ('Praia', 3, 3), ('Sítio', 4, 4), ('Casa Pai', 5, 5),
('Casa', 6, 6), ('Casa', 7, 7), ('Trabalho', 8, 8), ('Escritório', 9, 9), ('Casa', 10, 10),
('Chácara', 11, 11), ('Casa Mãe', 12, 12), ('Casa', 13, 13), ('Apartamento', 14, 14), ('Trabalho', 15, 15),
('Casa', 16, 16), ('Fazenda', 17, 17), ('Casa', 18, 18), ('Loja', 19, 19), ('Casa', 20, 20),
('Clínica', 21, 21), ('Casa', 22, 22), ('Escritório', 23, 23), ('Casa', 24, 24), ('Casa', 25, 25),
('Estúdio', 26, 26), ('Casa', 27, 27), ('Casa', 28, 28), ('Galpão', 29, 29), ('Casa', 30, 30), ('Vivarium', 31, 31);

-- =======================================================
-- 7. TABELA EMPRÉSTIMO (30 registros)
-- =======================================================

INSERT INTO emprestimo (prazo, valor_solicitado, dt_solicitacao, taxa_juros, id_st_emprestimo, id_tp_emp, obs) VALUES 
(12, 5000.00, '2025-01-10', 1.5, 2, 2, NULL),  
(24, 15000.00, '2025-02-15', 2.0, 2, 6, 'Garantia: Veículo ano 2018 alienado.'), 
(36, 30000.00, '2026-03-20', 1.8, 1, 2, 'Garantia: Avalista com renda comprovada.'), 
(10, 2000.00, '2024-11-05', 2.5, 5, 2, NULL),  
(48, 50000.00, '2025-05-12', 1.2, 2, 6, 'Garantia: Imóvel residencial matriculado.'), 
(12, 8000.00, '2026-01-08', 1.9, 3, 3, 'Crédito pré-aprovado via sistema.'),  
(60, 100000.00, '2024-08-30', 1.0, 2, 6, 'Garantia: Propriedade rural. Aguardando assinatura física.'),
(6, 1500.00, '2026-06-01', 3.0, 1, 4, NULL),   
(24, 12000.00, '2025-09-14', 2.1, 2, 2, 'Garantia: Motocicleta.'), 
(18, 9000.00, '2024-12-01', 2.2, 5, 2, NULL),  
(36, 25000.00, '2026-02-28', 1.7, 2, 2, 'Sem garantia real. Risco moderado.'), 
(12, 4000.00, '2025-07-22', 2.4, 4, 4, NULL),  
(48, 45000.00, '2025-10-10', 1.5, 2, 5, 'Garantia: Maquinário industrial.'), 
(24, 11000.00, '2026-04-18', 2.0, 1, 1, NULL), 
(12, 6000.00, '2024-05-05', 2.3, 5, 2, 'Renovação de crédito anterior. Bom pagador.'),  
(36, 35000.00, '2025-11-20', 1.6, 2, 2, 'Garantia: Aplicação financeira atrelada.'), 
(60, 80000.00, '2026-05-15', 1.1, 1, 6, 'Garantia: Imóvel comercial.'), 
(12, 7000.00, '2025-04-03', 2.2, 2, 2, NULL),  
(24, 18000.00, '2024-09-09', 1.9, 5, 6, 'Aprovado por exceção da diretoria.'), 
(18, 9500.00, '2026-01-25', 2.1, 3, 3, NULL),  
(36, 40000.00, '2025-06-30', 1.5, 2, 6, 'Garantia: Veículo utilitário (caminhonete).'), 
(12, 3000.00, '2024-10-12', 2.6, 5, 5, NULL),  
(48, 60000.00, '2026-03-05', 1.3, 1, 6, 'Garantia: Fiador solidário.'), 
(24, 14000.00, '2025-12-11', 2.0, 2, 2, NULL), 
(6, 2500.00, '2026-06-10', 2.8, 1, 4, 'Empréstimo rápido para capital de giro.'),   
(18, 8500.00, '2025-08-19', 2.2, 2, 2, NULL),  
(36, 28000.00, '2024-07-07', 1.7, 5, 2, 'Garantia: Equipamentos de informática.'), 
(12, 5500.00, '2026-02-14', 2.4, 4, 4, NULL),  
(60, 120000.00, '2025-03-22', 1.0, 2, 6, 'Garantia: Galpão logístico. Taxa subsidiada.'),
(24, 16000.00, '2026-05-01', 1.9, 1, 1, NULL);
-- =======================================================
-- 8. TABELA PARTICIPANTE_EMPRÉSTIMO (30 registros)
-- =======================================================

INSERT INTO participante_emprestimo (id_papel, id_cliente, id_emprestimo) VALUES 
(1, 1, 1), (1, 2, 2), (1, 3, 3), (1, 4, 4), (1, 5, 5),
(1, 6, 6), (1, 7, 7), (1, 8, 8), (1, 9, 9), (1, 10, 10),
(1, 11, 11), (1, 12, 12), (1, 13, 13), (1, 14, 14), (1, 15, 15),
(1, 16, 16), (1, 17, 17), (1, 18, 18), (1, 19, 19), (1, 20, 20),
(1, 21, 21), (1, 22, 22), (1, 23, 23), (1, 24, 24), (1, 25, 25),
(1, 26, 26), (1, 27, 27), (1, 28, 28), (1, 29, 29), (1, 30, 30);

-- =======================================================
-- 9. TABELA CONTRATO (30 registros vinculados aos empréstimos)
-- =======================================================

INSERT INTO contrato (dt_inicio, dt_termino, valor_financiado, valor_pago, id_emprestimo) VALUES 
('2025-01-15', '2026-01-15', 5000.00, 2500.00, 1),
('2025-02-20', '2027-02-20', 15000.00, 5000.00, 2),
('2026-03-25', '2029-03-25', 30000.00, 0.00, 3),
('2024-11-10', '2025-09-10', 2000.00, 2000.00, 4),
('2025-05-15', '2029-05-15', 50000.00, 10000.00, 5),
('2026-01-15', '2027-01-15', 8000.00, 0.00, 6),
('2024-09-05', '2029-09-05', 100000.00, 40000.00, 7),
('2026-06-05', '2026-12-05', 1500.00, 0.00, 8),
('2025-09-20', '2027-09-20', 12000.00, 3000.00, 9),
('2024-12-05', '2026-06-05', 9000.00, 9000.00, 10),
('2026-03-05', '2029-03-05', 25000.00, 1000.00, 11),
('2025-07-25', '2026-07-25', 4000.00, 4000.00, 12),
('2025-10-15', '2029-10-15', 45000.00, 5000.00, 13),
('2026-04-20', '2028-04-20', 11000.00, 0.00, 14),
('2024-05-10', '2025-05-10', 6000.00, 6000.00, 15),
('2025-11-25', '2028-11-25', 35000.00, 5000.00, 16),
('2026-05-20', '2031-05-20', 80000.00, 0.00, 17),
('2025-04-10', '2026-04-10', 7000.00, 6000.00, 18),
('2024-09-15', '2026-09-15', 18000.00, 18000.00, 19),
('2026-02-01', '2027-08-01', 9500.00, 0.00, 20),
('2025-07-05', '2028-07-05', 40000.00, 10000.00, 21),
('2024-10-15', '2025-10-15', 3000.00, 3000.00, 22),
('2026-03-10', '2030-03-10', 60000.00, 0.00, 23),
('2025-12-15', '2027-12-15', 14000.00, 2000.00, 24),
('2026-06-15', '2026-12-15', 2500.00, 0.00, 25),
('2025-08-25', '2027-02-25', 8500.00, 3000.00, 26),
('2024-07-15', '2027-07-15', 28000.00, 28000.00, 27),
('2026-02-20', '2027-02-20', 5500.00, 0.00, 28),
('2025-03-25', '2030-03-25', 120000.00, 20000.00, 29),
('2026-05-05', '2028-05-05', 16000.00, 0.00, 30);

-- =======================================================
-- 10. TABELA PARCELA (30 registros)
-- =======================================================

INSERT INTO parcela (numero, dt_venc, valor_parcela, valor_pago, id_contrato, id_st_parcela) VALUES 
(1, '2025-02-15', 450.00, 450.00, 1, 2),
(2, '2025-03-15', 450.00, 450.00, 1, 2),
(1, '2025-03-20', 700.00, 700.00, 2, 2),
(1, '2026-04-25', 900.00, 0.00, 3, 1),
(10, '2025-09-10', 210.00, 210.00, 4, 2),
(5, '2025-10-15', 1150.00, 1150.00, 5, 2),
(1, '2026-02-15', 720.00, 0.00, 6, 1),
(20, '2026-05-05', 1800.00, 1800.00, 7, 2),
(1, '2026-07-05', 270.00, 0.00, 8, 1),
(6, '2026-03-20', 550.00, 550.00, 9, 2),
(18, '2026-06-05', 520.00, 520.00, 10, 2),
(2, '2026-05-05', 750.00, 0.00, 11, 1),
(8, '2026-03-25', 380.00, 380.00, 12, 2),
(5, '2026-03-15', 1100.00, 1100.00, 13, 2),
(1, '2026-05-20', 500.00, 0.00, 14, 1),
(12, '2025-05-10', 550.00, 550.00, 15, 2),
(3, '2026-02-25', 1050.00, 1050.00, 16, 2),
(1, '2026-06-20', 1450.00, 0.00, 17, 1),
(10, '2026-02-10', 650.00, 650.00, 18, 2),
(24, '2026-09-15', 850.00, 850.00, 19, 2),
(4, '2026-06-01', 600.00, 0.00, 20, 1),
(8, '2026-03-05', 1250.00, 1250.00, 21, 2),
(12, '2025-10-15', 280.00, 280.00, 22, 2),
(1, '2026-04-10', 1350.00, 0.00, 23, 1),
(4, '2026-04-15', 650.00, 0.00, 24, 3),
(1, '2026-07-15', 430.00, 0.00, 25, 1),
(5, '2026-01-25', 520.00, 520.00, 26, 2),
(36, '2027-07-15', 890.00, 890.00, 27, 2),
(2, '2026-04-20', 480.00, 0.00, 28, 3),
(12, '2026-03-25', 2100.00, 2100.00, 29, 2);

-- =======================================================
-- 11. TABELA PAGAMENTO (30 registros vinculados às parcelas)
-- =======================================================

INSERT INTO pagamento (dt_pagamento, valor_pago, id_parcela) VALUES 
('2025-02-10', 450.00, 1),
('2025-03-12', 450.00, 2),
('2025-03-18', 700.00, 3),
('2025-09-08', 210.00, 5),
('2025-10-14', 1150.00, 6),
('2026-05-02', 1800.00, 8),
('2026-03-19', 550.00, 10),
('2026-06-01', 520.00, 11),
('2026-03-24', 380.00, 13),
('2026-03-12', 1100.00, 14),
('2025-05-09', 550.00, 16),
('2026-02-23', 1050.00, 17),
('2026-02-09', 650.00, 19),
('2026-09-12', 850.00, 20),
('2026-03-03', 1250.00, 22),
('2025-10-12', 280.00, 23),
('2026-01-23', 520.00, 27),
('2027-07-12', 890.00, 28),
('2026-03-23', 2100.00, 30),
('2025-02-15', 450.00, 1),
('2025-03-15', 450.00, 2),
('2025-03-20', 700.00, 3),
('2025-09-10', 210.00, 5),
('2025-10-15', 1150.00, 6),
('2026-05-05', 1800.00, 8),
('2026-03-20', 550.00, 10),
('2026-06-05', 520.00, 11),
('2026-03-25', 380.00, 13),
('2026-03-15', 1100.00, 14),
('2025-05-10', 550.00, 16);